ASX Code,Closing Price,Last Trade
360,2.04,20200630
14D   ,0.091,20200630
1AD   ,0.085,20200630
1AG   ,0.039,20200630
1AL   ,0.85,20200130
1ST   ,0.031,20200630
2BE   ,0.08,20200630
3DA   ,0.14,20200630
3DP   ,0.042,20200630
3PL   ,0.86,20200630
4CE   ,0.012,20200109
4DS   ,0.046,20200630
5GN   ,1.18,20200630
88E   ,0.005,20200630
8CO   ,0.063,20200630
8EC   ,0.078,20200312
8IH   ,0.1,20200630
8VI   ,0.4,20200629
9SP   ,0.029,20200629
A1G   ,0.125,20200630
A1M   ,0.305,20200630
A200  ,99.3,20200630
A2B   ,0.81,20200630
A2M   ,18.66,20200630
A3D   ,0.059,20200630
A40   ,0.082,20190809
A4N   ,0.175,20200630
AAA   ,50.1,20200630
AAC   ,1.03,20200630
AAJ   ,0.005,20200630
AAP   ,0.01,20200625
AAR   ,0.14,20200630
AASF  ,2.67,20200630
ABA   ,4.84,20200630
ABC   ,3.18,20200630
ABL   ,0.001,20200330
ABP   ,2.68,20200630
ABR   ,0.5,20200630
ABV   ,0.024,20200630
ABW   ,0.19,20190117
ABX   ,0.12,20200630
AC8   ,0.135,20200630
ACB   ,0.007,20200630
ACDC  ,53,20200630
ACF   ,0.315,20200630
ACP   ,0.01,20200616
ACQ   ,0.9,20200630
ACR   ,0.145,20200630
ACS   ,0.005,20200630
ACU   ,0.08,20200630
ACW   ,0.022,20200630
AD1   ,0.01,20200630
AD8   ,5.4,20200630
ADA   ,0.41,20200630
ADD   ,0.012,20200630
ADH   ,2.3,20200630
ADI   ,2.36,20200630
ADN   ,0.051,20200630
ADO   ,0.02,20200630
ADR   ,0.024,20200630
ADS   ,0.018,20200630
ADT   ,1.315,20200630
ADV   ,0.007,20200630
ADX   ,0.008,20200630
ADY   ,0.006,20200630
AEB   ,0.009,20190131
AEE   ,0.004,20200518
AEF   ,6.66,20200630
AEG   ,1.12,20200630
AEI   ,0.525,20200630
AER   ,0.092,20200629
AEV   ,0.01,20200630
AFA   ,0.09,20200610
AFG   ,1.71,20200630
AFI   ,6.09,20200630
AFL   ,0.2,20200630
AFP   ,3.6,20200630
AFR   ,0.014,20200630
AFT   ,0.001,20180907
AGD   ,0.155,20200630
AGE   ,0.004,20200630
AGG   ,8.61,20200630
AGH   ,0.32,20200630
AGI   ,0.41,20200630
AGJ   ,0.03,20200629
AGL   ,17.05,20200630
AGM   ,1.61,20200630
AGR   ,0.042,20200630
AGRNA ,-,-
AGS   ,0.175,20200630
AGVT  ,52.26,20200629
AGX1  ,5.13,20200626
AGY   ,0.051,20200630
AHF   ,0.068,20200630
AHK   ,0.034,20190919
AHL   ,0.007,20200630
AHN   ,0.02,20190712
AHQ   ,0.069,20200630
AHX   ,0.46,20200630
AHY   ,1.015,20200630
AIA   ,6.16,20200630
AIB   ,0.052,20200629
AIQ   ,0.11,20200622
AIR   ,0.7,20200619
AIS   ,0.033,20200630
AIV   ,0.13,20200609
AIY   ,0.03,20191122
AIZ   ,1.235,20200630
AJC   ,0.001,20200629
AJJ   ,0.024,20200630
AJL   ,0.035,20200630
AJM   ,0.061,20200630
AJQ   ,0.02,20200630
AJX   ,0.06,20200630
AJY   ,0.12,20181112
AKG   ,0.235,20200630
AKM   ,0.085,20200630
AKN   ,0.002,20190927
AKP   ,18.24,20200630
AL3   ,0.155,20200630
AL8   ,0.145,20200630
ALC   ,0.145,20200630
ALD   ,29.32,20200630
ALF   ,0.87,20200630
ALG   ,0.39,20200630
ALI   ,2.07,20200630
ALK   ,1.205,20200630
ALL   ,25.5,20200630
ALQ   ,6.56,20200630
ALT   ,0.002,20200630
ALU   ,32.48,20200630
ALX   ,6.62,20200630
ALY   ,0.02,20200630
AMA   ,0.595,20200630
AMB   ,0.021,20200630
AMC   ,14.48,20200630
AMD   ,0.007,20200630
AME   ,0.068,20200630
AMG   ,0.027,20200630
AMH   ,0.935,20200630
AMI   ,0.5,20200630
AML   ,0.085,20200630
AMN   ,0.435,20200630
AMO   ,0.055,20200626
AMP   ,1.855,20200630
AMPPA ,100.212,20200630
AMPPB ,97.6,20200630
AMS   ,0.425,20200630
AMT   ,0.089,20200630
AMX   ,1.5,20200630
ANA   ,0.015,20200630
ANG   ,0.13,20200630
ANL   ,0.001,20200630
ANN   ,36.7,20200630
ANO   ,4.25,20200630
ANP   ,0.074,20200630
ANR   ,0.13,20200630
ANS   ,0.017,20180903
ANW   ,0.001,20200630
ANZ   ,18.64,20200630
ANZPD ,101.74,20200630
ANZPE ,100.99,20200630
ANZPF ,101.3,20200630
ANZPG ,103.75,20200630
ANZPH ,101.561,20200630
AO1   ,0.007,20200630
AOA   ,0.003,20200630
AOF   ,2.09,20200630
AON   ,0.028,20200630
AOP   ,0.355,20200630
AOU   ,0.049,20200630
APA   ,11.13,20200630
APC   ,0.055,20200630
APD   ,0.54,20200630
APE   ,6.75,20200630
APG   ,0.001,20200629
APH   ,0.11,20200630
API   ,1.145,20200630
APL   ,0.92,20200630
APT   ,60.99,20200630
APV   ,0.135,20200630
APW   ,1.25,20200630
APX   ,33.92,20200630
APZ   ,0.995,20200630
AQC   ,0.1,20200630
AQD   ,0.015,20200630
AQG   ,9.59,20200630
AQI   ,0.06,20200630
AQR   ,3.4,20200630
AQS   ,0.014,20200625
AQX   ,0.034,20200630
AQZ   ,3.03,20200630
AR9   ,0.115,20200630
ARA   ,0.39,20200625
ARB   ,17.95,20200630
ARC   ,0.29,20200630
ARD   ,0.026,20200630
ARE   ,0.008,20200630
ARF   ,2.19,20200630
ARG   ,7.19,20200630
ARL   ,0.26,20200630
ARM   ,0.02,20200630
ARN   ,0.077,20200630
ARO   ,0.002,20200630
ARS   ,0.046,20200630
ARU   ,0.057,20200630
ARV   ,0.058,20200630
AS1   ,0.14,20200630
ASB   ,3.23,20200630
ASG   ,1.17,20200630
ASH   ,0.26,20200630
ASIA  ,8.73,20200630
ASN   ,0.025,20200630
ASP   ,0.009,20200611
ASQ   ,0.04,20200629
AST   ,1.67,20200630
ASW   ,0.65,20200603
ASX   ,85.38,20200630
AT1   ,0.34,20200630
ATC   ,0.04,20200630
ATEC  ,17.5,20200630
ATH   ,0.017,20200630
ATL   ,0.3,20200630
ATM   ,1,20200624
ATP   ,0.005,20200630
ATR   ,0.165,20200625
ATS   ,0.026,20200630
ATU   ,0.225,20200630
ATX   ,0.125,20200630
AU1   ,0.043,20200629
AU8   ,0.05,20200630
AUB   ,14.7,20200630
AUC   ,0.042,20200630
AUDS  ,10.08,20200630
AUH   ,0.003,20200629
AUI   ,8.05,20200630
AUL   ,0.205,20200630
AUMF  ,26.87,20200630
AUP   ,2.99,20200320
AUQ   ,0.013,20200629
AUR   ,0.048,20200630
AUST  ,15.52,20200630
AUT   ,0.16,20200630
AUZ   ,0.008,20200630
AV1   ,0.079,20200630
AVA   ,0.155,20200630
AVC   ,0.205,20200630
AVE   ,0.007,20200630
AVG   ,0.41,20200630
AVH   ,9,20200630
AVJ   ,0.465,20200630
AVL   ,0.009,20200630
AVN   ,2.09,20200630
AVQ   ,0.025,20190524
AVR   ,4.9,20200630
AVW   ,0.003,20200630
AVZ   ,0.052,20200630
AWC   ,1.625,20200630
AWN   ,0.28,20200630
AWV   ,0.024,20200630
AX1   ,1.4,20200630
AX8   ,0.023,20200630
AXE   ,0.6,20200630
AXI   ,0.039,20200611
AXT   ,0.014,20191220
AYF   ,5.4,20200626
AYI   ,0.001,20200626
AYM   ,0.001,20200630
AYR   ,0.025,20200630
AYS   ,0.59,20200630
AZI   ,0.004,20200630
AZJ   ,4.92,20200630
AZS   ,0.088,20200630
AZV   ,0.075,20200630
AZY   ,0.025,20200630
B2Y   ,0.029,20191216
BAF   ,0.72,20200630
BAP   ,5.9,20200630
BAR   ,0.016,20200630
BAS   ,0.001,20200630
BAT   ,0.007,20200630
BBC   ,0.43,20200630
BBL   ,0.39,20200630
BBN   ,3.22,20200630
BBOZ  ,8.8,20200630
BBUS  ,2.76,20200630
BBX   ,0.155,20200630
BC8   ,0.81,20200630
BCB   ,0.055,20200630
BCC   ,0.17,20200629
BCI   ,0.17,20200630
BCK   ,0.021,20200630
BCN   ,0.04,20200630
BCT   ,0.049,20200630
BD1   ,0.027,20200630
BDA   ,0.27,20200630
BDC   ,0.083,20200630
BDG   ,0.061,20200630
BDI   ,0.001,20200309
BEAR  ,12.14,20200630
BEE   ,0.018,20200630
BEL   ,0.044,20200630
BEM   ,0.034,20200630
BEN   ,7.01,20200630
BENPE ,99.4,20200630
BENPF ,100.24,20200630
BENPG ,98.74,20200630
BET   ,0.425,20200630
BFC   ,0.085,20200630
BFG   ,1.17,20200630
BGA   ,4.45,20200630
BGL   ,1.06,20200630
BGP   ,2.99,20200619
BGT   ,0.13,20200630
BHD   ,0.21,20200630
BHL   ,0.08,20200622
BHP   ,35.82,20200630
BID   ,0.615,20200630
BILL  ,100.3,20200630
BIN   ,2.15,20200630
BIQ   ,0.005,20200630
BIR   ,0.016,20200630
BIS   ,0.93,20200630
BIT   ,0.074,20200630
BKI   ,1.385,20200630
BKL   ,77.95,20200630
BKT   ,0.049,20200630
BKW   ,15.83,20200630
BKY   ,0.45,20200630
BLA   ,0.185,20190517
BLD   ,3.79,20200630
BLG   ,0.029,20200630
BLU   ,0.038,20200630
BLV   ,0.041,20200630
BLX   ,1.055,20200630
BLY   ,0.37,20200630
BLZ   ,0.019,20200630
BMG   ,0.005,20200630
BMH   ,0.2,20200416
BMN   ,0.037,20200630
BNDS  ,27.12,20200630
BNKS  ,4.68,20200630
BNL   ,0.013,20200630
BNO   ,0.058,20200630
BNR   ,0.077,20200630
BOA   ,0.175,20200630
BOC   ,0.235,20200629
BOE   ,0.053,20200630
BOL   ,0.105,20200630
BOND  ,28.33,20200630
BOQ   ,6.17,20200630
BOQPE ,99.84,20200630
BOT   ,0.039,20200630
BPH   ,0.023,20200630
BPL   ,0.017,20200630
BPP   ,0.018,20200629
BPT   ,1.52,20200630
BRB   ,0.29,20200630
BRG   ,22.76,20200630
BRI   ,1.495,20200626
BRK   ,0.005,20200630
BRL   ,0.049,20200630
BRN   ,0.081,20200630
BRU   ,0.092,20200630
BRV   ,0.03,20200630
BSA   ,0.3,20200630
BSE   ,0.18,20200630
BSL   ,11.69,20200630
BSM   ,0.002,20200630
BSP   ,0.002,20180920
BSR   ,0.013,20200331
BSX   ,0.185,20200630
BTC   ,0.098,20200626
BTH   ,0.735,20200630
BTI   ,0.705,20200630
BUB   ,0.925,20200630
BUD   ,0.013,20200630
BUG   ,0.22,20200630
BUX   ,0.071,20200630
BUY   ,0.018,20200630
BVS   ,4.5,20200630
BWF   ,0.355,20200630
BWP   ,3.83,20200630
BWR   ,1.42,20200630
BWX   ,3.51,20200630
BXB   ,10.87,20200630
BXN   ,0.01,20200630
BYE   ,0.14,20200630
BYH   ,0.048,20200630
BYI   ,0.6,20200623
C6C   ,0.57,20200630
CAA   ,0.12,20200630
CAD   ,0.004,20200630
CAE   ,0.015,20200624
CAF   ,0.091,20200630
CAG   ,0.355,20200629
CAI   ,0.54,20200630
CAJ   ,0.245,20200630
CAM   ,0.785,20200630
CAN   ,0.79,20200630
CAP   ,0.02,20200630
CAQ   ,0.008,20200304
CAR   ,17.74,20200630
CAT   ,1.125,20200630
CAU   ,0.068,20200630
CAV   ,0.003,20200630
CAY   ,0.17,20200630
CAZ   ,0.028,20200630
CBA   ,69.42,20200630
CBAPD ,99.311,20200630
CBAPE ,103.2,20200630
CBAPF ,101.2,20200630
CBAPG ,99.52,20200630
CBAPH ,100.74,20200630
CBAPI ,96.35,20200630
CBE   ,0.18,20200630
CBR   ,1.84,20200630
CBY   ,0.13,20200629
CCA   ,0.105,20200630
CCE   ,0.001,20200630
CCG   ,0.065,20200630
CCJ   ,0.004,20200130
CCL   ,8.66,20200630
CCP   ,15.58,20200630
CCV   ,0.175,20200630
CCX   ,2.9,20200630
CCZ   ,0.026,20200630
CD1   ,0.93,20200630
CD2   ,1.05,20200630
CD3   ,0.95,20200630
CDA   ,7.09,20200630
CDD   ,0.24,20200630
CDH   ,0.002,20200323
CDM   ,0.605,20200630
CDP   ,3.7,20200630
CDT   ,0.009,20200630
CDV   ,0.62,20200630
CDX   ,0.021,20200630
CDY   ,0.1,20200630
CE1   ,0.005,20200630
CEL   ,0.23,20200630
CEN   ,5.89,20200630
CETF  ,57.09,20200630
CFE   ,0.002,20200630
CFO   ,0.027,20200630
CG1   ,0.185,20200630
CGA   ,0.28,20200629
CGB   ,0.005,20200630
CGC   ,2.9,20200630
CGF   ,4.41,20200630
CGFPA ,98.8,20200630
CGFPB ,99.5,20200630
CGL   ,3.17,20200630
CGM   ,0.001,20190924
CGN   ,0.009,20200630
CGO   ,0.115,20200630
CGR   ,0.235,20200630
CGS   ,0.36,20200630
CHC   ,9.69,20200630
CHK   ,0.008,20200630
CHN   ,0.995,20200630
CHZ   ,0.094,20200630
CI1   ,0.026,20200630
CIA   ,2.86,20200630
CIE   ,0.65,20200630
CII   ,0.95,20200630
CIM   ,24.12,20200630
CIN   ,22.97,20200630
CINPA ,2.06,20200316
CIO   ,0.016,20200630
CIP   ,3.17,20200630
CIW   ,0.5,20200630
CKA   ,0.039,20200630
CKF   ,9.42,20200630
CL1   ,1.335,20200630
CL8   ,0.008,20200630
CLA   ,0.014,20200630
CLB   ,0.1,20200630
CLF   ,1.07,20200629
CLH   ,1.085,20200213
CLI   ,0.031,20191114
CLQ   ,0.14,20200630
CLT   ,0.036,20200630
CLV   ,2.13,20200630
CLW   ,4.28,20200630
CLX   ,0.45,20200630
CLZ   ,0.001,20200630
CM1   ,0.052,20190205
CM8   ,0.024,20200630
CMC   ,0.011,20190626
CMD   ,0.006,20200630
CML   ,0.03,20200630
CMM   ,1.795,20200630
CMP   ,0.415,20200630
CMW   ,0.9,20200630
CNB   ,0.1,20200630
CNEW  ,8.83,20200630
CNI   ,1.785,20200630
CNJ   ,0.007,20200629
CNL   ,0.08,20200629
CNU   ,6.95,20200630
CNW   ,0.02,20200630
COB   ,0.095,20200630
COE   ,0.375,20200630
COF   ,2.02,20200630
COG   ,0.056,20200630
COH   ,188.93,20200630
COI   ,0.092,20200630
COL   ,17.17,20200630
COO   ,0.043,20200630
CORE  ,48,20200630
COS   ,0.595,20200630
COY   ,0.006,20200626
CP1   ,0.115,20200630
CPH   ,0.031,20200630
CPT   ,0.025,20200630
CPU   ,13.25,20200630
CPV   ,0.125,20200630
CQE   ,2.35,20200630
CQR   ,3.35,20200630
CR1   ,0.31,20200630
CRB   ,0.042,20190521
CRED  ,27.12,20200630
CRL   ,0.017,20200630
CRM   ,0.3,20200623
CRN   ,0.925,20200630
CRO   ,0.006,20200630
CRS   ,0.21,20200629
CSD   ,0.125,20200226
CSE   ,0.035,20200630
CSL   ,287,20200630
CSR   ,3.68,20200630
CSS   ,0.555,20200630
CST   ,0.16,20200630
CT1   ,0.032,20200630
CTD   ,9.69,20200630
CTE   ,0.13,20200629
CTM   ,0.44,20200630
CTO   ,0.005,20200630
CTP   ,0.081,20200630
CUE   ,0.095,20200630
CUL   ,0.015,20200630
CUP   ,0.895,20200630
CURE  ,61.2,20200630
CUV   ,25.65,20200630
CV1   ,0.067,20200630
CVC   ,1.41,20200629
CVF   ,0.79,20200630
CVL   ,0.4,20200629
CVN   ,0.195,20200630
CVS   ,0.004,20190507
CVV   ,0.05,20200630
CVW   ,0.27,20200630
CWL   ,0.08,20200626
CWN   ,9.67,20200630
CWP   ,5.24,20200630
CWX   ,0.175,20200630
CWY   ,2.2,20200630
CWZ   ,0.15,20200630
CXL   ,0.765,20200630
CXM   ,0.025,20200630
CXO   ,0.045,20200630
CXU   ,0.016,20200629
CXX   ,0.041,20200630
CXZ   ,0.015,20200630
CY5   ,0.071,20200624
CYC   ,1.4,20200630
CYG   ,0.6,20200630
CYL   ,2.75,20200630
CYM   ,0.15,20200630
CYP   ,0.61,20200630
CYQ   ,0.001,20200630
CZI   ,0.17,20200630
CZL   ,0.004,20200630
CZN   ,0.002,20200624
CZR   ,0.017,20200630
D13   ,0.041,20181120
D2O   ,1.355,20200630
DAF   ,0.021,20200630
DAU   ,0.027,20200630
DAV   ,0.035,20200630
DBBF  ,24.15,20200625
DBF   ,1.05,20200630
DCC   ,0.017,20200630
DCG   ,0.056,20200630
DCL   ,0.042,20200630
DCN   ,0.445,20200630
DCX   ,0.009,20200630
DDD   ,0.003,20200630
DDR   ,6.93,20200630
DDT   ,0.004,20200630
DEG   ,0.905,20200630
DEM   ,0.135,20200630
DEV   ,0.112,20200630
DFM   ,0.83,20190607
DGGF  ,23.58,20200625
DGH   ,1.35,20200624
DGO   ,3.61,20200630
DGR   ,0.053,20200629
DHG   ,3.35,20200630
DHHF  ,23.05,20200630
DHR   ,0.002,20200630
DIV   ,19.8,20200511
DJRE  ,18.26,20200630
DJW   ,2.55,20200630
DKM   ,0.17,20200630
DLC   ,0.009,20200630
DME   ,0.2,20200615
DMG   ,0.02,20190528
DMKT  ,2.13,20200630
DMP   ,68.69,20200630
DNA   ,0.04,20200630
DNK   ,0.505,20200630
DOR   ,0.025,20200630
DOW   ,4.38,20200630
DRE   ,0.007,20200630
DRO   ,0.12,20200630
DRUG  ,6.48,20200630
DRX   ,0.009,20200630
DSE   ,0.057,20200630
DTC   ,1.31,20200630
DTI   ,0.022,20200630
DTL   ,4.54,20200630
DTM   ,0.11,20200630
DTR   ,0.002,20200630
DTS   ,0.14,20200630
DTZ   ,0.092,20200630
DUB   ,1.13,20200630
DUI   ,4.23,20200630
DVL   ,0.013,20200630
DVN   ,0.081,20200630
DW8   ,0.02,20200630
DWS   ,0.81,20200630
DXB   ,0.35,20200630
DXN   ,0.016,20200630
DXS   ,9.2,20200630
DYL   ,0.205,20200630
DZZF  ,23.74,20200618
E25   ,0.45,20200630
E2E   ,0.001,20200506
E2M   ,0.165,20200630
EAF   ,1.22,20200630
EAI   ,0.96,20200630
EAS   ,0.75,20200629
EAX   ,0.16,20200630
EBG   ,0.79,20200630
EBND  ,11.14,20200630
EBO   ,20.28,20200630
ECF   ,1.02,20200630
ECG   ,0.02,20200630
ECL   ,1.18,20200630
ECP   ,1.1,20200625
ECS   ,0.02,20200630
ECT   ,0.001,20200630
ECX   ,1.25,20200630
ED1   ,0.535,20200630
EDC   ,0.995,20200626
EDE   ,0.026,20200630
EEG   ,0.245,20200630
EER   ,0.002,20200630
EEU   ,15.64,20200630
EFE   ,0.005,20200629
EFF   ,1.39,20200630
EGD   ,2.61,20200630
EGF   ,1.46,20200630
EGG   ,1.4,20200630
EGH   ,0.325,20200630
EGI   ,1.03,20200630
EGL   ,0.023,20200630
EGN   ,0.45,20200630
EGR   ,0.066,20200630
EGY   ,0.15,20200626
EHE   ,1.535,20200630
EHH   ,0.14,20200331
EHL   ,0.995,20200630
EHX   ,0.096,20200630
EIGA  ,3.22,20200630
EINC  ,7.25,20200630
ELD   ,9.42,20200630
ELE   ,0.069,20181206
ELO   ,7.16,20200630
ELS   ,0.3,20200630
ELT   ,0.005,20200630
ELX   ,0.68,20200630
EM1   ,0.019,20200630
EM2   ,0.16,20200629
EMB   ,10,20200604
EMD   ,0.048,20200630
EME   ,0.105,20200630
EMH   ,0.29,20200630
EMKT  ,18.48,20200630
EML   ,3.34,20200630
EMMG  ,5.6,20200630
EMN   ,0.068,20200629
EMP   ,0.026,20200630
EMR   ,0.535,20200630
EMT   ,0.012,20200630
EMU   ,0.015,20200626
EMUCA ,0.047,20190312
EMV   ,1.34,20200630
EN1   ,0.006,20200630
ENA   ,0.02,20200625
ENB   ,0.005,20181206
ENE   ,0.037,20200630
ENN   ,1.115,20200630
ENR   ,0.15,20200630
ENT   ,0.013,20200630
ENVDA ,0.014,20200630
ENX   ,0.017,20200630
EOF   ,2.22,20200630
EOL   ,3.9,20200630
EOS   ,4.68,20200630
EPD   ,0.33,20200630
EPM   ,0.007,20200630
EQE   ,0.011,20200630
EQT   ,24.75,20200630
EQX   ,0.27,20200630
ERA   ,0.155,20200630
ERF   ,0.91,20200630
ERG   ,0.06,20200629
ERL   ,0.011,20200630
ERM   ,0.105,20200629
ERX   ,0.091,20200630
ESE   ,0.019,20200630
ESGI  ,24.08,20200630
ESH   ,0.004,20200630
ESK   ,1.75,20200630
ESL   ,0.07,20180921
ESR   ,0.01,20200630
ESTX  ,61.9,20200630
ETF   ,18.38,20200511
ETHI  ,10.68,20200630
EUC   ,0.04,20200630
EUR   ,0.049,20200630
EVE   ,0.006,20200630
EVN   ,5.67,20200630
EVO   ,0.115,20200630
EVS   ,0.145,20200630
EVT   ,8.41,20200630
EVZ   ,0.073,20200626
EWC   ,0.061,20200630
EX1   ,0.25,20200630
EX20  ,16.67,20200630
EXL   ,0.155,20200630
EXO   ,0.002,20191031
EXP   ,0.125,20200630
EXR   ,0.036,20200630
EZL   ,1.025,20200630
F100  ,8.5,20200630
FAIR  ,17.45,20200630
FAM   ,0.026,20200630
FANG  ,11.65,20200630
FAR   ,0.011,20200630
FAU   ,0.016,20200630
FBR   ,0.032,20200630
FBU   ,3.45,20200630
FCL   ,3.9,20200630
FCT   ,0.105,20200630
FDM   ,0.011,20190805
FDV   ,0.965,20200630
FDX   ,0.024,20181221
FE8   ,0.007,20200630
FEI   ,0.06,20191129
FEL   ,0.013,20200630
FEMX  ,5.15,20200630
FEX   ,0.076,20200630
FFC   ,0.055,20200626
FFG   ,0.007,20200630
FFI   ,4.85,20200630
FFL   ,0.255,20200630
FFR   ,0.08,20200630
FGG   ,1.145,20200630
FGO   ,0.001,20200630
FGR   ,0.12,20200630
FGX   ,0.95,20200630
FHS   ,0.054,20200630
FID   ,5,20200630
FIG   ,0.02,20190204
FIJ   ,0.073,20200630
FIN   ,0.015,20200630
FLC   ,0.24,20200630
FLN   ,0.4,20200630
FLOT  ,25,20200630
FLT   ,11.12,20200630
FMG   ,13.85,20200630
FML   ,0.24,20200630
FMS   ,0.029,20200630
FNP   ,3.01,20200624
FNT   ,0.011,20200630
FOD   ,0.052,20200630
FOOD  ,4.88,20200630
FOR   ,0.87,20200630
FPC   ,0.9,20200630
FPH   ,32.84,20200630
FPL   ,0.004,20200630
FPP   ,0.67,20200630
FRI   ,0.7,20200630
FRM   ,0.27,20200630
FRN   ,0.041,20200630
FRX   ,0.015,20200618
FSA   ,0.865,20200630
FSF   ,3.5,20200630
FSG   ,0.039,20200630
FSI   ,1.8,20200629
FTC   ,0.098,20200630
FTT   ,0.003,20200630
FTZ   ,0.073,20200630
FUEL  ,3.6,20200630
FUN   ,0.02,20200630
FWD   ,1.595,20200630
FXL   ,1.125,20200630
FYI   ,0.042,20200630
FZO   ,0.195,20200630
FZR   ,0.14,20200630
G1A   ,0.23,20200630
G88   ,0.059,20200630
GAL   ,0.21,20200630
GAP   ,0.16,20200630
GAS   ,0.37,20200630
GBE   ,0.01,20200626
GBM   ,0.008,20181005
GBND  ,25.47,20200630
GBP   ,0.011,20200630
GBR   ,0.028,20200630
GBZ   ,0.08,20200629
GBZNA ,-,-
GC1   ,0.68,20200630
GCI   ,1.745,20200630
GCR   ,0.019,20190816
GCY   ,0.039,20190529
GDF   ,1,20200630
GDG   ,0.645,20200630
GDI   ,1.115,20200630
GDX   ,52.2,20200630
GEAR  ,17.51,20200630
GED   ,0.01,20200630
GEM   ,0.885,20200630
GES   ,0.016,20200629
GEV   ,0.061,20200630
GFL   ,1.63,20200630
GGE   ,0.003,20200630
GGG   ,0.13,20200630
GGOV  ,25,20200630
GGUS  ,16.23,20200630
GGX   ,0.001,20200630
GIB   ,0.04,20200630
GID   ,0.003,20200630
GLA   ,0.001,20200630
GLB   ,1.055,20200630
GLE   ,0.1,20200513
GLH   ,0.195,20200630
GLIN  ,2.95,20200630
GLL   ,0.58,20200630
GLN   ,0.15,20200630
GLV   ,0.009,20200630
GMA   ,2.07,20200630
GMC   ,0.005,20200206
GMD   ,0.052,20200630
GME   ,0.038,20200629
GMG   ,14.85,20200630
GML   ,0.019,20200630
GMN   ,0.066,20200630
GMR   ,0.011,20200630
GMV   ,0.043,20200630
GNC   ,4.12,20200630
GNE   ,2.66,20200630
GNG   ,0.72,20200630
GNM   ,0.019,20200630
GNX   ,0.205,20200630
GO2   ,0.029,20200630
GOLD  ,242.3,20200630
GOO   ,0.057,20190731
GOR   ,1.67,20200630
GOVT  ,28.37,20200630
GOW   ,1.45,20200630
GOZ   ,3.2,20200630
GPR   ,0.39,20200630
GPS   ,0.055,20200306
GPT   ,4.17,20200630
GPX   ,0.039,20200320
GRB   ,0.058,20200630
GRL   ,0.19,20200630
GRNV  ,23.37,20200630
GROW  ,3.64,20200630
GRR   ,0.242,20200630
GRV   ,0.031,20200630
GSM   ,0.57,20200630
GSN   ,0.125,20200629
GSS   ,2.15,20200630
GSW   ,0.68,20200630
GTE   ,0.105,20200630
GTG   ,0.005,20200630
GTK   ,1.325,20200630
GTN   ,0.41,20200630
GTR   ,0.034,20200630
GUD   ,11.51,20200630
GUL   ,0.09,20200630
GVF   ,0.92,20200630
GWA   ,2.77,20200630
GWR   ,0.065,20200630
GXY   ,0.775,20200630
HACK  ,8.23,20200630
HAS   ,0.115,20200630
HAV   ,0.13,20200630
HAW   ,0.14,20200630
HBRD  ,10.04,20200630
HCD   ,0.032,20200630
HCH   ,0.017,20200630
HCT   ,0.135,20200630
HE8   ,0.093,20200630
HEUR  ,12.06,20200630
HFR   ,0.42,20200630
HGH   ,1.11,20200619
HGL   ,0.35,20200630
HGM   ,0.008,20190715
HGO   ,0.036,20200630
HHM   ,0.025,20200214
HHY   ,0.045,20200218
HIL   ,0.165,20200630
HIP   ,0.015,20200624
HIT   ,1.42,20200626
HJPN  ,12.17,20200630
HLA   ,1.02,20200630
HLO   ,2.29,20200630
HLS   ,3.05,20200630
HLX   ,0.014,20200630
HM1   ,3.11,20200630
HMC   ,3,20200630
HMD   ,0.087,20200630
HMO   ,0.068,20180510
HMX   ,0.043,20200630
HNG   ,0.12,20200630
HNR   ,0.005,20200630
HOR   ,0.012,20191211
HPI   ,2.9,20200630
HPR   ,0.07,20200630
HQLT  ,20.1,20200630
HRL   ,0.11,20200629
HRN   ,0.46,20200630
HRR   ,0.044,20200630
HRZ   ,0.11,20200630
HSC   ,0.004,20200630
HSN   ,2.91,20200630
HT1   ,1.19,20200630
HT8   ,0.035,20200630
HTA   ,0.175,20200630
HTG   ,0.185,20200630
HUB   ,9.3,20200630
HUO   ,2.92,20200630
HVM   ,0.21,20200630
HVN   ,3.54,20200630
HVST  ,13.14,20200630
HWH   ,0.029,20200630
HWK   ,0.013,20200630
HXG   ,0.043,20200630
HYD   ,0.1,20200630
HZN   ,0.061,20200630
HZR   ,0.365,20200630
IAA   ,95.6,20200630
IAF   ,116.51,20200630
IAG   ,5.77,20200630
IAGPD ,103.54,20200630
IAM   ,0.001,20200630
IAP   ,1.215,20200630
IBC   ,0.42,20200630
IBG   ,0.008,20200630
IBX   ,0.028,20200630
ICE   ,0.11,20200630
ICG   ,0.001,20200630
ICI   ,0.016,20200630
ICN   ,0.008,20200630
ICOR  ,100.94,20200630
ICQ   ,0.27,20200630
ICR   ,0.315,20200630
ICS   ,1.95,20200630
ICT   ,0.03,20200630
ICU   ,0.02,20200630
ID8   ,0.115,20200630
IDA   ,0.033,20200629
IDT   ,0.165,20200630
IDX   ,3.9,20200630
IDZ   ,0.006,20200629
IEC   ,0.004,20200630
IEL   ,15.49,20200630
IEM   ,58.98,20200630
IEQ   ,0.035,20181025
IEU   ,59.55,20200630
IFL   ,4.92,20200630
IFM   ,1.72,20200630
IFN   ,0.94,20200630
IFRA  ,18.65,20200630
IFT   ,4.32,20200630
IGB   ,115.19,20200630
IGE   ,0.13,20200117
IGL   ,0.8,20200630
IGN   ,0.013,20200630
IGO   ,4.87,20200630
IHCB  ,112.29,20200630
IHD   ,12.26,20200630
IHEB  ,103.8,20200630
IHHY  ,98.03,20200630
IHL   ,0.046,20200630
IHOO  ,120.47,20200630
IHR   ,0.052,20200630
IHVV  ,372.57,20200630
IHWL  ,33.41,20200630
IIND  ,7.52,20200630
IJH   ,256.41,20200630
IJP   ,80.91,20200630
IJR   ,98.23,20200630
IKE   ,0.66,20200625
IKO   ,85.87,20200630
IKW   ,0.001,20200630
ILB   ,127.65,20200630
ILC   ,22.98,20200630
ILU   ,8.54,20200630
IMA   ,0.15,20200630
IMC   ,0.26,20200630
IMD   ,1.11,20200630
IME   ,0.029,20200630
IMM   ,0.155,20200630
IMPQ  ,4.22,20200625
IMR   ,1.49,20200630
IMS   ,0.004,20200630
IMU   ,0.031,20200630
INA   ,4.49,20200630
INCM  ,12.2,20200630
INES  ,2.61,20200630
INF   ,0.081,20200630
ING   ,3.2,20200630
INIF  ,2.06,20200630
INP   ,0.026,20200630
INR   ,0.13,20200630
INV   ,0.074,20200630
IOD   ,0.17,20200630
IOO   ,76.65,20200630
IOZ   ,24.1,20200630
IP1   ,0.016,20200630
IPB   ,0.015,20200630
IPC   ,1.04,20200609
IPD   ,0.062,20200630
IPH   ,7.46,20200630
IPL   ,1.875,20200630
IPT   ,0.013,20200630
IQ3   ,0.13,20200629
IRD   ,0.063,20200630
IRE   ,10.95,20200630
IRI   ,3.85,20200630
IS3   ,0.11,20200518
ISD   ,0.145,20200630
ISEC  ,100.43,20200630
ISO   ,4.49,20200630
ISU   ,0.205,20200630
ISX   ,1.07,20191001
ITG   ,0.23,20200630
IVC   ,10.48,20200630
IVE   ,89.78,20200630
IVO   ,0.025,20191024
IVQ   ,0.06,20190808
IVR   ,0.017,20200630
IVT   ,0.003,20200519
IVV   ,446.37,20200630
IVX   ,0.008,20200630
IVZ   ,0.026,20200630
IWLD  ,35.71,20200630
IXC   ,1.3,20200630
IXI   ,75.05,20200630
IXJ   ,99.67,20200630
IXR   ,0.009,20200630
IXU   ,0.013,20200630
IYLD  ,100.66,20200624
IZZ   ,58.7,20200630
JAL   ,0.115,20200630
JAN   ,0.33,20200630
JAT   ,0.034,20200630
JAY   ,0.145,20200629
JBH   ,43.03,20200630
JCI   ,0.405,20190312
JCS   ,0.036,20200630
JDR   ,0.014,20200630
JHC   ,0.49,20200630
JHG   ,30.96,20200630
JHL   ,0.018,20200630
JHX   ,27.52,20200630
JIN   ,9.58,20200630
JJF   ,0.04,20190709
JKA   ,0.003,20180917
JLG   ,2.35,20200630
JMS   ,0.28,20200630
JPR   ,0.015,20200630
JRL   ,0.32,20200623
JRV   ,0.16,20200630
JXT   ,0.029,20200630
JYC   ,1.105,20200629
K2F   ,0.2,20200630
KAI   ,0.043,20200630
KAM   ,0.051,20200630
KAR   ,0.605,20200630
KAS   ,0.008,20200630
KAT   ,0.8,20200629
KAU   ,0.27,20200630
KBC   ,0.071,20190715
KBCPA ,0.955,20190705
KCN   ,0.4,20200630
KEY   ,0.003,20200630
KFE   ,0.038,20200630
KGD   ,0.037,20191219
KGL   ,0.165,20200630
KGM   ,0.007,20200630
KGN   ,14.72,20200630
KIN   ,0.115,20200630
KIS   ,0.061,20200630
KKC   ,1.815,20200630
KKL   ,0.015,20190830
KKO   ,0.044,20200630
KLA   ,57.83,20200630
KLL   ,0.145,20200630
KLO   ,0.075,20200615
KLR   ,0.036,20200611
KMD   ,1.04,20200630
KME   ,1.025,20200630
KMT   ,0.007,20200630
KNH   ,0.071,20190115
KNM   ,0.015,20200630
KNO   ,0.067,20200630
KOR   ,0.008,20200630
KOV   ,4,20200630
KP2   ,0.021,20200630
KPC   ,0.02,20190322
KPE   ,1.05,20200610
KPG   ,0.88,20200630
KPO   ,0.029,20200630
KPT   ,0.8,20200630
KRM   ,0.041,20200630
KRR   ,0.032,20200630
KRS   ,0.048,20180801
KSC   ,1.28,20200630
KSL   ,1.07,20200630
KSM   ,1.82,20200630
KSN   ,0.17,20200630
KSS   ,0.235,20200630
KTA   ,0.038,20200630
KTD   ,0.23,20200630
KTE   ,0.012,20200630
KTG   ,0.185,20200630
KWR   ,0.15,20200630
KYK   ,0.072,20200630
KZA   ,0.48,20200630
KZR   ,0.82,20200630
LAM   ,0.27,20200626
LAU   ,0.35,20200630
LAW   ,0.041,20200630
LBL   ,0.395,20200630
LBT   ,0.23,20200630
LCD   ,0.022,20200630
LCE   ,0.43,20200629
LCK   ,0.067,20200630
LCL   ,0.043,20200630
LCM   ,0.13,20200630
LCT   ,0.012,20200629
LCY   ,0.002,20200630
LEG   ,0.14,20200630
LEP   ,4.97,20200630
LER   ,0.02,20200630
LEX   ,0.22,20200630
LGP   ,0.35,20200630
LGR   ,0.021,20180731
LHB   ,0.003,20200221
LHM   ,0.005,20200623
LI3   ,0.017,20200630
LIC   ,9.46,20200630
LIN   ,0.011,20200630
LIO   ,0.014,20200617
LIT   ,0.046,20200630
LITCF ,0.007,20200630
LKE   ,0.035,20200630
LKO   ,0.001,20190930
LLC   ,12.37,20200630
LLO   ,1.9,20200630
LME   ,1.45,20200630
LMG   ,0.017,20200630
LML   ,0.004,20200630
LNG   ,0.043,20200429
LNK   ,4.1,20200630
LNU   ,0.012,20200630
LNY   ,0.006,20200630
LOM   ,0.044,20200630
LON   ,0.14,20200630
LOT   ,0.07,20200630
LOV   ,5.95,20200630
LPD   ,0.007,20200630
LPE   ,0.31,20200630
LPI   ,0.18,20200630
LRK   ,0.96,20200630
LRM   ,0.045,20190813
LRS   ,0.007,20200630
LRT   ,0.96,20200630
LSA   ,0.009,20200630
LSF   ,1.22,20200630
LSH   ,0.038,20200630
LSR   ,0.009,20200630
LSX   ,0.475,20200630
LTR   ,0.105,20200630
LVE   ,0.059,20200630
LVH   ,0.18,20200630
LVT   ,0.23,20200630
LYC   ,1.935,20200630
LYL   ,4.76,20200630
M7T   ,0.97,20200630
M8S   ,0.085,20200630
MA1   ,0.985,20200630
MAD   ,0.78,20200630
MAG   ,0.27,20200630
MAH   ,0.255,20200630
MAI   ,0.57,20200630
MAM   ,0.295,20200630
MAN   ,0.027,20200630
MAQ   ,44,20200630
MAR   ,0.02,20200630
MAT   ,0.155,20200630
MAU   ,1.28,20200630
MAUCA ,1,20200629
MAX   ,5,20190805
MAY   ,0.006,20200630
MBK   ,0.009,20200630
MBLPC ,104.32,20200630
MBM   ,0.042,20190726
MCA   ,0.125,20200630
MCB   ,-,-
MCE   ,0.155,20200630
MCM   ,0.125,20200630
MCP   ,2.77,20200630
MCR   ,0.78,20200630
MCT   ,0.037,20200630
MCX   ,0.1,20200630
MCY   ,4.49,20200630
MDC   ,0.15,20200630
MDI   ,0.019,20200630
MDR   ,0.5,20200630
MDX   ,0.003,20190625
MEA   ,0.19,20200630
MEB   ,0.006,20200630
MEC   ,0.88,20200630
MEI   ,0.035,20200630
MEL   ,0.029,20200630
MEM   ,0.058,20200630
MEP   ,0.045,20200630
MEQ   ,-,-
MEU   ,0.058,20200630
MEY   ,0.065,20200630
MEZ   ,4.6,20200630
MFD   ,0.775,20200630
MFF   ,2.71,20200630
MFG   ,58.01,20200630
MGC   ,0.43,20200625
MGE   ,3.98,20200630
MGG   ,1.745,20200630
MGL   ,0.017,20200630
MGR   ,2.17,20200630
MGT   ,0.003,20200630
MGU   ,0.035,20200629
MGV   ,0.465,20200630
MGX   ,0.61,20200630
MGZ   ,0.02,20190304
MHC   ,0.018,20200630
MHD   ,0.046,20180507
MHG   ,3.43,20200630
MHH   ,1.4,20200630
MHI   ,0.046,20200618
MHJ   ,0.315,20200630
MICH  ,2.83,20200630
MIH   ,3.6,20140926
MIL   ,0.37,20200630
MIN   ,21.17,20200630
MIO   ,0.16,20200630
MIR   ,2.33,20200630
MJC   ,0.03,20200626
MKAX  ,3.33,20200625
MKG   ,0.105,20200630
MLD   ,0.865,20200630
MLL   ,0.105,20200630
MLM   ,0.011,20200630
MLS   ,0.002,20200630
MLT   ,4.09,20200630
MLX   ,0.079,20200630
MME   ,1.14,20200630
MMI   ,0.115,20200630
MMJ   ,0.096,20200630
MML   ,0.69,20200630
MMM   ,1.85,20200630
MMR   ,0.004,20200110
MMS   ,9.08,20200630
MNB   ,0.001,20200625
MND   ,10.82,20200630
MNF   ,5.63,20200630
MNRS  ,6.64,20200630
MNS   ,0.08,20200630
MNW   ,0.016,20200630
MNY   ,1.55,20200630
MOAT  ,75.42,20200630
MOB   ,0.066,20200630
MOC   ,0.65,20200630
MOE   ,3.45,20200630
MOGL  ,3.22,20200630
MOH   ,0.096,20200630
MOQ   ,0.165,20200622
MOT   ,1.64,20200630
MOZ   ,0.72,20200630
MP1   ,12.08,20200630
MPH   ,0.1,20200625
MPL   ,2.99,20200630
MPO   ,0.14,20170721
MPP   ,0.165,20200630
MPR   ,0.018,20200630
MPX   ,0.3,20200519
MQG   ,118.6,20200630
MQGPB ,103.261,20200630
MQGPC ,101.68,20200630
MQGPD ,102.588,20200630
MQR   ,0.04,20200630
MRC   ,0.24,20200630
MRD   ,0.001,20200630
MRG   ,0.015,20200630
MRL   ,0.15,20200630
MRM   ,0.065,20200630
MRQ   ,0.009,20200630
MRR   ,0.013,20200630
MRV   ,0.003,20200313
MRZ   ,0.155,20200630
MSB   ,3.25,20200630
MSE   ,0.011,20200630
MSG   ,0.026,20200630
MSI   ,0.01,20200615
MSL   ,0.056,20200630
MSM   ,0.042,20200630
MSR   ,0.006,20200630
MSTR  ,8.45,20200630
MSV   ,0.535,20200630
MTB   ,0.002,20200626
MTC   ,0.135,20200630
MTH   ,0.023,20200630
MTL   ,0.001,20190613
MTO   ,1.83,20200630
MTS   ,2.72,20200630
MVA   ,19.23,20200630
MVB   ,20.72,20200630
MVE   ,27.65,20200630
MVF   ,0.53,20200630
MVOL  ,26.63,20200630
MVP   ,6.98,20200630
MVR   ,27.72,20200630
MVS   ,17.74,20200630
MVW   ,27.05,20200630
MWR   ,0.14,20200630
MWY   ,0.8,20200630
MX1   ,0.135,20200630
MXC   ,0.02,20200630
MXI   ,0.115,20200630
MXR   ,0.097,20200630
MXT   ,1.805,20200630
MYE   ,0.65,20200630
MYL   ,0.063,20200630
MYQ   ,0.28,20200630
MYR   ,0.185,20200630
MYS   ,3.93,20200630
MYX   ,0.385,20200630
MZZ   ,0.3,20200630
N1H   ,0.082,20200602
NAB   ,18.22,20200630
NABPB ,100.12,20200630
NABPD ,103.19,20200630
NABPE ,100.3,20200630
NABPF ,102.49,20200630
NAC   ,0.79,20200630
NAE   ,0.007,20200630
NAG   ,0.052,20200630
NAM   ,0.305,20200629
NAN   ,6.82,20200630
NBI   ,1.65,20200630
NC6   ,0.04,20200630
NCC   ,0.795,20200630
NCK   ,6.48,20200630
NCL   ,0.039,20200630
NCM   ,31.53,20200630
NCR   ,0.007,20200630
NCZ   ,0.155,20200630
NDIA  ,40.3,20200626
NDQ   ,24.73,20200630
NEA   ,2.25,20200630
NEC   ,1.38,20200630
NES   ,0.045,20200630
NESN  ,-,-
NET   ,0.058,20200612
NEU   ,1.365,20200630
NEW   ,1.15,20200630
NGE   ,0.46,20200629
NGI   ,1.185,20200630
NGY   ,0.007,20200630
NHC   ,1.365,20200630
NHF   ,4.61,20200630
NIC   ,0.59,20200630
NIU   ,0.001,20190220
NME   ,0.125,20200626
NML   ,0.11,20200630
NMT   ,0.16,20200630
NNT   ,0.05,20200630
NOR   ,0.021,20200630
NOV   ,0.31,20200630
NOX   ,0.165,20200630
NSB   ,0.19,20200630
NSC   ,0.45,20200630
NSE   ,0.004,20191008
NSR   ,1.845,20200630
NST   ,13.36,20200630
NSX   ,0.09,20200630
NTD   ,0.375,20200630
NTI   ,0.008,20200630
NTL   ,0.007,20200630
NTM   ,0.08,20200630
NTO   ,1.47,20200630
NTU   ,0.018,20200630
NUC   ,2.29,20200630
NUF   ,4.09,20200630
NUH   ,0.012,20200630
NUS   ,0.34,20200630
NVA   ,0.054,20200630
NVO   ,0.013,20200630
NVU   ,0.062,20200630
NVX   ,0.87,20200630
NWC   ,0.013,20200630
NWE   ,0.003,20200630
NWF   ,0.2,20200630
NWH   ,1.865,20200630
NWL   ,8.97,20200630
NWM   ,0.15,20200630
NWS   ,17.11,20200630
NWSLV ,16.66,20200630
NXE   ,0.007,20200630
NXM   ,0.053,20200630
NXS   ,1.25,20200630
NXT   ,9.88,20200630
NYR   ,0.175,20200630
NZK   ,1.75,20200630
NZM   ,0.24,20200629
NZS   ,0.009,20200630
NZSNA ,-,-
OAR   ,0.002,20200630
OAU   ,0.016,20200630
OBJ   ,-,-
OBL   ,4.77,20200630
OBM   ,0.27,20200630
OCA   ,0.82,20200630
OCC   ,0.315,20200630
OCL   ,7.38,20200630
ODA   ,0.14,20200630
ODM   ,0.036,20200630
ODY   ,0.043,20190501
OEC   ,0.745,20200630
OEL   ,0.007,20200630
OEQ   ,0.055,20200630
OEX   ,0.002,20200630
OFX   ,1.405,20200630
OGA   ,0.095,20200630
OGC   ,3.04,20200630
OIL   ,0.037,20200629
OKJ   ,0.03,20200625
OKR   ,0.14,20200630
OKU   ,0.3,20200630
OLH   ,0.07,20200629
OLI   ,0.046,20200630
OLL   ,0.185,20200630
OLV   ,0.005,20200630
OMH   ,0.34,20200630
OML   ,0.91,20200630
ONE   ,0.044,20200630
ONT   ,5.16,20200630
ONX   ,0.035,20200630
OOK   ,0.022,20190403
OOO   ,3.97,20200630
OPC   ,5.1,20200630
OPH   ,2.67,20200630
OPL   ,0.087,20200630
OPT   ,2.36,20200630
OPY   ,2.1,20200630
ORA   ,2.54,20200630
ORE   ,2.31,20200630
ORG   ,5.84,20200630
ORI   ,16.64,20200630
ORM   ,0.022,20200616
ORN   ,0.015,20200630
ORR   ,0.4,20200629
OSH   ,3.17,20200630
OSL   ,0.115,20200630
OSP   ,0.011,20200630
OSX   ,0.4,20200630
OTW   ,3.46,20200630
OVH   ,0.37,20200630
OVN   ,0.285,20200630
OVT   ,0.011,20200630
OXX   ,0.012,20200421
OZF   ,15.54,20200630
OZG   ,0.17,20200630
OZL   ,10.96,20200630
OZR   ,10.88,20200630
P2P   ,0.044,20200327
PAA   ,0.155,20200630
PAB   ,0.012,20200630
PAC   ,5.48,20200630
PAF   ,0.68,20200630
PAI   ,1.01,20200630
PAK   ,0.01,20200626
PAL   ,0.8,20200630
PAN   ,0.081,20200630
PAR   ,3.15,20200630
PAXX  ,4.75,20200630
PBH   ,5.3,20200630
PBP   ,1.93,20200630
PBX   ,0.003,20191217
PCG   ,1.075,20200630
PCH   ,0.001,20200226
PCI   ,0.96,20200630
PCK   ,0.115,20200630
PCL   ,0.001,20200630
PDI   ,0.088,20200630
PDL   ,5.97,20200630
PDN   ,0.1,20200630
PDZ   ,0.21,20200629
PE1   ,1.335,20200630
PEC   ,0.04,20200630
PEK   ,0.021,20200630
PEL   ,0.017,20181030
PEN   ,0.072,20200630
PENNC ,-,-
PET   ,0.305,20200630
PEX   ,0.17,20200630
PFG   ,0.07,20200630
PFP   ,3.01,20200630
PFT   ,0.18,20200630
PG1   ,0.08,20200630
PGC   ,0.19,20200630
PGF   ,0.9,20200630
PGG   ,1.54,20200630
PGH   ,2.19,20200630
PGI   ,0.052,20200630
PGL   ,0.96,20200630
PGM   ,0.036,20200630
PGR   ,0.052,20200527
PGX   ,0.26,20200630
PGY   ,0.018,20200630
PIA   ,1.07,20200630
PIC   ,0.905,20200630
PIL   ,0.011,20191010
PIN   ,0.029,20200630
PIO   ,0.011,20200630
PIQ   ,0.42,20200630
PIXX  ,4.15,20200630
PKD   ,0.021,20200630
PKO   ,0.01,20200629
PKS   ,0.17,20200630
PL8   ,0.99,20200630
PLC   ,0.013,20181004
PLL   ,0.085,20200630
PLS   ,0.25,20200630
PLUS  ,18.45,20200630
PLX   ,0.41,20200317
PM1   ,0.013,20200630
PM8   ,0.265,20200630
PMC   ,1.25,20200630
PME   ,26.46,20200630
PMV   ,17.25,20200630
PMY   ,0.009,20200630
PNC   ,0.285,20200603
PNI   ,3.92,20200630
PNL   ,0.041,20191220
PNN   ,0.001,20200630
PNR   ,0.265,20200630
PNV   ,2.54,20200630
PNW   ,0.28,20200626
PNX   ,0.01,20200630
PO3   ,2.9,20200630
POD   ,0.023,20200630
POS   ,0.028,20200630
POU   ,17.65,20200626
POW   ,0.004,20200630
PPC   ,0.97,20200630
PPE   ,2,20200630
PPG   ,0.18,20200630
PPH   ,8.22,20200630
PPK   ,3.11,20200630
PPL   ,0.006,20200630
PPS   ,0.36,20200630
PPT   ,29.67,20200630
PPY   ,0.008,20200629
PRM   ,0.001,20200623
PRN   ,1.155,20200630
PRO   ,0.79,20200630
PRT   ,0.091,20200630
PRU   ,1.31,20200630
PRX   ,0.045,20200630
PRZ   ,0.036,20200131
PSA   ,0.021,20200331
PSC   ,0.072,20200630
PSI   ,2.54,20200630
PSL   ,0.003,20180906
PSQ   ,1.57,20200630
PSZ   ,0.032,20200630
PTB   ,0.68,20200630
PTL   ,0.34,20200630
PTM   ,3.73,20200630
PTR   ,0.089,20200630
PTX   ,0.054,20200630
PUA   ,0.021,20200630
PUR   ,0.005,20200630
PVE   ,0.038,20200630
PVL   ,0.058,20200625
PVS   ,1.29,20200624
PWG   ,1.06,20200630
PWH   ,4.49,20200630
PWL   ,0.165,20200630
PWN   ,0.007,20200630
PWNCA ,0.002,20200630
PXS   ,0.066,20200630
PXX   ,0.034,20200630
PYC   ,0.115,20200630
PYG   ,0.825,20200630
QAG   ,4.66,20200630
QAN   ,3.78,20200630
QAU   ,17.39,20200630
QBE   ,8.86,20200630
QCB   ,6.19,20200630
QEM   ,0.1,20200630
QFE   ,0.515,20200630
QFN   ,8.68,20200630
QFY   ,0.001,20200630
QGL   ,0.028,20200630
QHAL  ,29.47,20200630
QHL   ,0.084,20200630
QIP   ,1.18,20200630
QLTY  ,19.69,20200630
QMIX  ,20.22,20200630
QOZ   ,11.79,20200630
QPON  ,25.85,20200630
QPR   ,0.94,20200630
QRE   ,6.08,20200630
QRI   ,1.425,20200630
QSS   ,0.024,20190214
QTG   ,0.004,20191030
QTM   ,0.038,20200624
QUAL  ,31.19,20200630
QUB   ,2.91,20200630
QUE   ,0.027,20200619
QUS   ,33.45,20200630
QVE   ,0.795,20200630
R3D   ,0.055,20200226
RAC   ,0.7,20200630
RAG   ,0.006,20200629
RAN   ,0.008,20200630
RAP   ,0.175,20200630
RARI  ,20.4,20200630
RBD   ,8.8,20190805
RBL   ,2.06,20200630
RBR   ,0.006,20200630
RBTZ  ,11.3,20200630
RBX   ,0.034,20180814
RCB   ,20.61,20200630
RCE   ,0.67,20200630
RCL   ,0.28,20200630
RCP   ,0.019,20190802
RCT   ,1.905,20200629
RCW   ,0.17,20200630
RD1   ,0.02,20200124
RDC   ,0.815,20200630
RDF   ,0.4,20200630
RDG   ,0.03,20200630
RDH   ,0.615,20200630
RDM   ,0.092,20200630
RDN   ,0.006,20200630
RDS   ,0.008,20200630
RDV   ,23.7,20200630
RDY   ,1.4,20200630
RE1   ,0.02,20190829
REA   ,107.88,20200630
RED   ,0.2,20200630
REE   ,0.092,20200630
REF   ,0.004,20200114
REG   ,1.41,20200630
REH   ,9.19,20200630
REIT  ,15.87,20200630
RENT  ,2.53,20200630
RES   ,0.06,20200630
REV   ,0.011,20200303
REX   ,1.185,20200630
REY   ,0.31,20200629
REZ   ,0.016,20200630
RF1   ,2.55,20200630
RFF   ,1.92,20200630
RFG   ,0.07,20200630
RFN   ,0.001,20200630
RFR   ,0.074,20200625
RFT   ,0.038,20200630
RFX   ,0.023,20200630
RGB   ,23.08,20200630
RGI   ,0.046,20200630
RGL   ,0.078,20200630
RGS   ,0.07,20200630
RHC   ,66.52,20200630
RHCPA ,102.84,20200630
RHI   ,0.15,20200623
RHP   ,1.97,20200630
RHT   ,0.15,20200630
RHY   ,0.079,20200630
RIC   ,0.725,20200630
RIE   ,0.008,20200630
RIM   ,0.007,20200630
RINC  ,7.77,20200630
RIO   ,97.96,20200630
RKN   ,0.667,20200630
RLC   ,0.005,20200630
RLE   ,0.021,20200630
RLG   ,0.018,20200630
RLT   ,1.22,20200630
RMC   ,1.01,20200630
RMD   ,27.54,20200630
RMG   ,0.007,20190905
RMI   ,0.006,20200630
RML   ,0.087,20200630
RMP   ,0.009,20200630
RMS   ,1.99,20200630
RMT   ,0.001,20200309
RMX   ,0.005,20200630
RMY   ,0.27,20200630
RND   ,2.06,20200630
RNE   ,0.016,20200630
RNO   ,0.069,20200630
RNT   ,0.033,20200630
RNU   ,0.009,20200630
RNX   ,0.005,20200630
RNY   ,0.005,20190328
ROBO  ,64.5,20200630
ROG   ,0.001,20200629
ROO   ,0.017,20200630
RPG   ,0.03,20190906
RPM   ,0.135,20200630
RRL   ,5.22,20200630
RSG   ,1.135,20200630
RSH   ,0.089,20200630
RSM   ,21.18,20200630
RTE   ,0.39,20200626
RTG   ,0.135,20200630
RTR   ,0.145,20200630
RUL   ,1.05,20200630
RVR   ,0.081,20200630
RVS   ,0.405,20200630
RWC   ,2.94,20200630
RWD   ,0.175,20200630
RXH   ,0.002,20200630
RXL   ,0.084,20200630
RXM   ,0.074,20200630
RXP   ,0.25,20200630
RYD   ,1.325,20200629
RZI   ,0.57,20200630
S2R   ,0.093,20200630
S32   ,2.04,20200630
S66   ,0.4,20200630
SAM   ,0.073,20170928
SAN   ,0.001,20200527
SAR   ,5.42,20200630
SAS   ,0.028,20190403
SAU   ,0.125,20200630
SAVE  ,9.38,20200615
SBI   ,0.013,20181121
SBM   ,3.15,20200630
SBR   ,0.002,20200630
SBU   ,0.002,20190212
SBW   ,0.071,20200630
SCG   ,2.17,20200630
SCI   ,0.013,20200630
SCL   ,0.015,20200630
SCN   ,0.045,20200629
SCP   ,2.18,20200630
SCT   ,0.04,20200630
SCU   ,0.013,20200630
SDA   ,0.79,20200131
SDF   ,3.36,20200630
SDG   ,1.15,20200630
SDI   ,0.705,20200630
SDL   ,0.005,20180905
SDV   ,0.58,20200630
SDX   ,0.065,20200630
SE1   ,0.028,20200630
SEC   ,1.29,20200630
SEI   ,0.028,20200630
SEK   ,21.89,20200630
SELF  ,41,20200630
SEN   ,0.047,20200630
SEQ   ,0.205,20200624
SER   ,0.005,20200630
SES   ,0.053,20200630
SF1   ,0.021,20200629
SFC   ,13.2,20200630
SFG   ,0.049,20200630
SFM   ,0.062,20200629
SFR   ,5.07,20200630
SFX   ,0.125,20200630
SFY   ,53.33,20200630
SGC   ,0.025,20200630
SGF   ,1.6,20200630
SGH   ,0.62,20200630
SGI   ,0.069,20200626
SGLLV ,5.6,20200630
SGM   ,7.93,20200630
SGO   ,0.022,20200619
SGP   ,3.31,20200630
SGQ   ,0.115,20200630
SGR   ,2.84,20200630
SHE   ,0.005,20200630
SHH   ,0.005,20200630
SHJ   ,0.77,20200630
SHK   ,0.004,20200630
SHL   ,30.43,20200630
SHM   ,0.49,20200630
SHO   ,0.019,20200630
SHV   ,6.31,20200630
SI6   ,0.005,20200630
SIG   ,0.625,20200630
SIH   ,0.028,20200630
SIL   ,0.035,20200228
SIO   ,0.35,20200630
SIQ   ,6.07,20200630
SIS   ,0.014,20200630
SIT   ,0.035,20200629
SIV   ,0.36,20200630
SIX   ,0.095,20180917
SKC   ,2.23,20200630
SKF   ,0.14,20200630
SKI   ,2.16,20200630
SKN   ,0.08,20200508
SKO   ,3.07,20200630
SKT   ,0.14,20200630
SKY   ,0.26,20200630
SL1   ,0.007,20190513
SLC   ,0.99,20200630
SLF   ,10.17,20200630
SLK   ,4.42,20200630
SLM   ,0.67,20200630
SLR   ,2.13,20200630
SLX   ,0.775,20200630
SLZ   ,0.135,20200630
SM1   ,6.63,20200630
SMC   ,0.44,20200610
SMG   ,0.2,20180918
SMI   ,0.001,20200629
SMLL  ,3.16,20200630
SMN   ,0.43,20200630
SMP   ,0.61,20200630
SMR   ,0.78,20200630
SMX   ,0.25,20200630
SNC   ,0.585,20200630
SND   ,0.475,20200630
SNL   ,4.18,20200630
SNS   ,0.07,20200630
SNZ   ,6,20200630
SO4   ,0.52,20200630
SOL   ,19.53,20200630
SOM   ,1.2,20200630
SOP   ,0.023,20200624
SOR   ,0.074,20200630
SP3   ,0.07,20200630
SPK   ,4.24,20200630
SPL   ,1.125,20200630
SPQ   ,0.005,20200630
SPT   ,1.18,20200630
SPY   ,444.27,20200630
SPZ   ,0.096,20200630
SRG   ,0.21,20200630
SRH   ,0.2,20200625
SRI   ,0.058,20200630
SRK   ,0.045,20200630
SRN   ,0.004,20200630
SRV   ,2.32,20200630
SRY   ,0.012,20200626
SRZ   ,0.01,20200630
SSG   ,0.7,20200630
SSL   ,6.9,20200521
SSLPA ,1,20171201
SSM   ,1.905,20200630
SSO   ,14,20200630
SST   ,9.75,20200625
ST1   ,0.24,20200630
STA   ,0.26,20200630
STC   ,0.003,20190208
STG   ,0.875,20200630
STM   ,0.007,20200630
STN   ,0.715,20200630
STO   ,5.3,20200630
STW   ,54.68,20200630
STX   ,0.21,20200630
SUBD  ,24.69,20200630
SUD   ,0.037,20200630
SUH   ,0.03,20200630
SUL   ,8.05,20200630
SUN   ,9.23,20200630
SUNPF ,101.438,20200630
SUNPG ,100,20200630
SUNPH ,96,20200630
SUP   ,0.115,20200630
SVA   ,0.016,20200630
SVD   ,0.027,20200630
SVH   ,0.01,20190226
SVL   ,0.105,20200630
SVM   ,0.22,20200630
SVS   ,0.23,20200520
SVW   ,17.18,20200630
SVY   ,0.595,20200630
SW1   ,0.036,20200630
SWF   ,0.46,20200630
SWK   ,0.125,20200630
SWM   ,0.091,20200630
SWTZ  ,2.15,20200630
SXA   ,0.055,20200630
SXE   ,0.44,20200630
SXL   ,0.175,20200630
SXX   ,0.005,20190325
SXY   ,0.225,20200630
SYA   ,0.007,20200630
SYD   ,5.67,20200630
SYI   ,24.86,20200630
SYR   ,0.275,20200630
SYS   ,-,-
SYT   ,0.001,20200529
SZL   ,3.76,20200630
T3D   ,0.001,20200629
TAH   ,3.38,20200630
TAM   ,0.062,20200630
TAO   ,0.08,20200629
TAP   ,0.085,20200630
TAR   ,0.039,20200630
TAS   ,0.026,20200630
TBR   ,7.29,20200630
TCL   ,14.13,20200630
TCN   ,0.032,20200630
TCO   ,1,20200508
TD1   ,0.025,20200630
TDI   ,1.485,20200630
TDL   ,0.27,20200317
TDO   ,0.072,20200630
TDY   ,0.17,20200630
TECH  ,81.46,20200630
TEG   ,0.033,20200630
TEK   ,0.25,20200630
TER   ,0.16,20200630
TFL   ,0.102,20200630
TGA   ,0.084,20200630
TGF   ,1.04,20200630
TGG   ,1.145,20200630
TGH   ,0.175,20200630
TGM   ,0.29,20200630
TGN   ,0.105,20200630
TGO   ,0.041,20200630
TGP   ,0.85,20200630
TGR   ,3.45,20200630
THC   ,0.275,20200630
THD   ,0.002,20190924
THR   ,0.005,20200630
TIA   ,0.215,20200630
TIE   ,0.49,20200630
TIG   ,0.009,20200629
TIN   ,0.135,20200630
TIP   ,0.52,20200630
TKF   ,0.001,20181203
TKL   ,0.007,20200630
TKM   ,0.031,20200630
TLG   ,0.58,20200630
TLM   ,0.165,20200630
TLS   ,3.13,20200630
TLT   ,3.25,20200630
TLX   ,1.28,20200630
TMG   ,0.06,20200630
TMH   ,0.18,20200629
TMK   ,0.006,20200630
TML   ,0.045,20200629
TMR   ,0.34,20200630
TMT   ,0.18,20200630
TMX   ,0.006,20200630
TMZ   ,0.022,20200630
TNE   ,8.79,20200630
TNG   ,0.062,20200630
TNK   ,0.85,20200630
TNP   ,0.006,20200630
TNR   ,0.029,20200630
TNT   ,0.08,20200630
TNY   ,0.755,20200630
TOE   ,0.009,20200630
TOM   ,0.002,20190910
TON   ,0.049,20200630
TOP   ,0.47,20200630
TOT   ,0.865,20200630
TOU   ,0.04,20200630
TPC   ,0.995,20200629
TPD   ,0.001,20200630
TPG   ,8.9,20200630
TPM   ,8.93,20200629
TPO   ,0.05,20200312
TPP   ,0.041,20200630
TPS   ,0.045,20200630
TPW   ,6.31,20200630
TRA   ,2,20200630
TRL   ,0.022,20200630
TRM   ,0.017,20200630
TRS   ,7.04,20200630
TRT   ,0.026,20200626
TRY   ,0.083,20200630
TSC   ,0.005,20200630
TSL   ,0.049,20200629
TSO   ,0.074,20200630
TTA   ,0.009,20200626
TTB   ,0.375,20200630
TTI   ,0.018,20200630
TTL   ,0.008,20190920
TTM   ,0.077,20200630
TTT   ,0.6,20200630
TUA   ,0.675,20200630
TV2   ,0.008,20191122
TWD   ,2.52,20200630
TWE   ,10.48,20200630
TWR   ,0.56,20200630
TYM   ,0.063,20200630
TYR   ,3.5,20200630
TYX   ,0.004,20200630
TZL   ,0.031,20200630
TZN   ,0.052,20200630
UBE   ,19.66,20200511
UBI   ,0.2,20200630
UBJ   ,23.6,20200507
UBN   ,0.064,20200630
UBU   ,32.07,20200511
UCM   ,0.215,20200630
UCW   ,0.12,20200624
UMAX  ,17.52,20200630
UMG   ,4.11,20200630
UNL   ,0.026,20200630
UNV   ,0.16,20200526
UOS   ,0.7,20200630
URF   ,0.325,20200630
URFPA ,52.5,20200630
URW   ,4.04,20200630
USD   ,14.17,20200630
UTR   ,-,-
UUL   ,0.02,20200624
UUV   ,0.001,20200630
UUVRB ,-,-
UWL   ,1.42,20200630
VACF  ,53.42,20200630
VAE   ,66.97,20200630
VAF   ,52.82,20200630
VAH   ,0.086,20200409
VAL   ,0.002,20200630
VAN   ,0.1,20200630
VAP   ,69.37,20200630
VAR   ,0.016,20200630
VAS   ,75.11,20200630
VBLD  ,54.06,20200630
VBND  ,54.5,20200630
VBS   ,0.72,20200619
VCF   ,50.95,20200630
VCX   ,1.43,20200630
VDBA  ,55.03,20200630
VDCO  ,55.16,20200630
VDGR  ,53.73,20200630
VDHG  ,52.77,20200630
VEA   ,1.82,20200630
VEC   ,0.012,20190522
VEE   ,0.4,20200630
VEFI  ,55,20200630
VEN   ,0.065,20200630
VEQ   ,52.85,20200630
VESG  ,55.6,20200630
VEU   ,69.3,20200630
VG1   ,1.825,20200630
VG8   ,1.905,20200630
VGAD  ,69.36,20200630
VGB   ,54,20200630
VGE   ,64.95,20200630
VGI   ,8,20200630
VGL   ,1.38,20200630
VGMF  ,45.26,20200630
VGS   ,76.87,20200630
VHT   ,1.37,20200630
VHY   ,51.8,20200630
VIA   ,0.02,20200630
VIC   ,0.001,20200626
VIF   ,52.09,20200630
VIG   ,0.03,20190620
VII   ,0.31,20190912
VIP   ,0.034,20200630
VISM  ,48.03,20200630
VIV   ,0.025,20190320
VKA   ,0.007,20200629
VLC   ,60.49,20200630
VLS   ,0.56,20200630
VLT   ,0.3,20200630
VMC   ,0.29,20200630
VMG   ,0.002,20200629
VMIN  ,53.44,20200630
VML   ,0.01,20200630
VMS   ,0.027,20200630
VMT   ,0.29,20200630
VMX   ,0.175,20200630
VMY   ,0.033,20200630
VN8   ,0.11,20200630
VOC   ,2.95,20200630
VOL   ,0.355,20200630
VOR   ,0.21,20200630
VP7   ,0.51,20200630
VPC   ,0.004,20181115
VPR   ,0.002,20200630
VR1   ,0.037,20200630
VR8   ,0.02,20200630
VRC   ,0.024,20200630
VRL   ,2.15,20200630
VRS   ,0.036,20200630
VRT   ,2.83,20200630
VRX   ,0.091,20200630
VSO   ,56.43,20200630
VTG   ,0.965,20200630
VTH   ,0.78,20200630
VTI   ,0.013,20200630
VTS   ,224.37,20200630
VUK   ,1.655,20200630
VUL   ,0.565,20200630
VVA   ,2.62,20200630
VVLU  ,38.55,20200630
VXR   ,0.052,20200630
VYS   ,0.051,20200630
VYSN  ,-,-
WAA   ,0.9,20200630
WAF   ,0.91,20200630
WAM   ,1.82,20200630
WAT   ,2.55,20200630
WAX   ,1.32,20200630
WBC   ,17.95,20200630
WBCPE ,99.91,20200630
WBCPF ,100.76,20200630
WBCPG ,102.3,20200630
WBCPH ,98.35,20200630
WBCPI ,101,20200630
WBE   ,0.004,20200630
WBT   ,0.265,20200630
WCG   ,0.069,20200630
WCMQ  ,6.71,20200630
WCN   ,0.01,20200630
WDIV  ,15.09,20200630
WDMF  ,31.53,20200630
WEB   ,3.32,20200630
WEC   ,0.11,20200630
WEL   ,0.025,20200630
WEMG  ,20.72,20200630
WES   ,44.83,20200630
WGB   ,1.865,20200630
WGN   ,1.11,20200630
WGO   ,0.17,20200630
WGX   ,2.09,20200630
WHA   ,0.53,20190927
WHC   ,1.43,20200630
WHF   ,4.46,20200630
WHFPA ,1,20170523
WHFPB ,102.9,20200624
WHK   ,0.085,20200630
WIC   ,0.915,20200630
WJA   ,0.08,20200630
WKT   ,0.135,20200630
WLC   ,0.008,20181210
WLD   ,0.036,20200630
WLE   ,1.055,20200630
WLF   ,-,-
WMI   ,1.22,20200630
WML   ,0.017,20200630
WMX   ,1.34,20200630
WNB   ,0.006,20200630
WND   ,0.995,20200612
WNR   ,0.25,20200625
WOA   ,0.4,20200630
WOR   ,8.72,20200630
WOW   ,37.28,20200630
WPL   ,21.65,20200630
WPP   ,0.28,20200630
WPR   ,2.6,20200630
WQG   ,1.245,20200630
WRLD  ,12.81,20200630
WRM   ,0.01,20200630
WSA   ,2.64,20200630
WSI   ,0.012,20200630
WSP   ,2.15,20200630
WTC   ,19.35,20200630
WTL   ,0.029,20200618
WVOL  ,31.46,20200630
WWG   ,0.125,20200630
WWI   ,0.021,20200630
WXHG  ,21.42,20200630
WXOZ  ,32.2,20200630
WZR   ,0.215,20200630
XAM   ,0.042,20200630
XARO  ,27.19,20200630
XCD   ,0.011,20200630
XF1   ,0.167,20200630
XPD   ,0.013,20190524
XPE   ,0.001,20200630
XPL   ,0.056,20200630
XRF   ,0.24,20200630
XRO   ,90.11,20200630
XST   ,0.002,20200630
XTC   ,0.002,20200630
XTD   ,0.056,20200630
XTE   ,0.71,20200630
YAL   ,2.03,20200630
YANK  ,12.9,20200630
YBR   ,0.065,20200630
YMAX  ,7.16,20200630
YOJ   ,0.088,20200630
YOW   ,0.035,20200630
YPB   ,0.002,20200630
YRL   ,0.27,20200630
YTMAGL,104.49,20200625
YTMAP1,108.4,20200619
YTMAPA,103.7,20200629
YTMAS2,122.96,20200630
YTMAST,112.61,20200616
YTMAZJ,102.48,20200629
YTMDO1,104.74,20200626
YTMDX1,115.52,20200629
YTMDX2,114.28,20200618
YTMF11,100.15,20200623
YTMF13,101.54,20200622
YTMF14,100.98,20200619
YTMF15,101.27,20200514
YTMF16,100.6,20200323
YTMF17,100.75,20200625
YTMGP1,110.99,20200619
YTMMG2,107.71,20200625
YTMMGR,102.69,20200605
YTMNA1,105.51,20200605
YTMQF2,105,20200610
YTMQF3,110.09,20200630
YTMQF4,86.65,20200330
YTMSG1,103.97,20200605
YTMSG2,106.45,20200629
YTMTCL,104.74,20200625
YTMTL1,107.98,20200605
YTMTL2,118.5,20200630
YTMTLS,100.4,20200611
YTMVC1,111.94,20200629
YTMVCX,106.15,20200605
YTMWB1,101.5,20200504
Z1P   ,5.23,20200630
Z3RO  ,50.02,20200609
ZEL   ,2.53,20200630
ZEN   ,0.99,20200630
ZER   ,0.18,20200630
ZEU   ,0.008,20200612
ZGL   ,0.05,20200629
ZIM   ,10.39,20200630
ZIP   ,0.017,20200122
ZLD   ,0.054,20200630
ZMI   ,0.038,20200630
ZMICA ,-,-
ZNC   ,0.12,20200630
ZNO   ,2.6,20200630
ZUSD  ,11.08,20200629
ZYAU  ,9.05,20200630
ZYB   ,0.014,20181126
ZYUS  ,10.02,20200630